id,first_name,last_name,gender
1,John,Johnson,Female
2,John,Williams,Male
3,Charlie,Smith,Female
4,Bob,Jones,Male
5,Bob,Smith,Female
6,Bob,Johnson,Female
7,Bob,Brown,Male
8,Charlie,Williams,Male
9,Bob,Jones,Male
10,Charlie,Brown,Male
11,Bob,Johnson,Male
12,Diana,Smith,Female
13,Jane,Smith,Female
14,Alice,Doe,Male
15,Charlie,Williams,Male
16,Alice,Williams,Male
17,Alice,Jones,Male
18,Bob,Williams,Male
19,Jane,Smith,Male
20,Jane,Smith,Male
21,Jane,Johnson,Male
22,Jane,Brown,Female
23,John,Jones,Male
24,John,Jones,Female
25,Bob,Jones,Female
26,Jane,Jones,Female
27,Charlie,Smith,Male
28,John,Smith,Male
29,Bob,Doe,Female
30,Alice,Johnson,Male
31,John,Williams,Male
32,Jane,Johnson,Male
33,Charlie,Williams,Female
34,Bob,Brown,Male
35,Charlie,Brown,Male
36,Alice,Smith,Female
37,Diana,Johnson,Female
38,John,Jones,Male
39,Diana,Smith,Female
40,Diana,Doe,Female
41,Alice,Williams,Male
42,Alice,Smith,Male
43,Diana,Jones,Female
44,Alice,Jones,Female
45,Jane,Smith,Male
46,Bob,Smith,Male
47,Diana,Williams,Male
48,Diana,Smith,Male
49,Diana,Smith,Female
50,Bob,Smith,Male
51,Charlie,Johnson,Female
52,Charlie,Doe,Male
53,John,Jones,Male
54,Alice,Williams,Male
55,Diana,Johnson,Male
56,Charlie,Jones,Male
57,John,Doe,Male
58,Jane,Smith,Female
59,Jane,Jones,Male
60,Alice,Jones,Female
61,John,Doe,Male
62,Charlie,Johnson,Male
63,John,Brown,Female
64,Jane,Jones,Male
65,John,Jones,Female
66,Charlie,Johnson,Male
67,Jane,Johnson,Male
68,Jane,Smith,Female
69,Bob,Doe,Male
70,Bob,Brown,Male
71,Charlie,Brown,Male
72,Diana,Smith,Female
73,John,Smith,Male
74,John,Williams,Female
75,John,Johnson,Female
76,Bob,Johnson,Female
77,John,Smith,Male
78,Charlie,Doe,Female
79,Alice,Williams,Female
80,Charlie,Brown,Female
81,Diana,Williams,Male
82,Jane,Jones,Male
83,Diana,Doe,Male
84,John,Johnson,Male
85,John,Brown,Female
86,Jane,Doe,Male
87,Charlie,Williams,Male
88,John,Johnson,Female
89,Jane,Johnson,Male
90,Diana,Doe,Male
91,Bob,Jones,Male
92,Alice,Johnson,Male
93,Jane,Brown,Female
94,Jane,Smith,Female
95,Alice,Brown,Female
96,Jane,Johnson,Female
97,Bob,Williams,Female
98,Jane,Smith,Male
99,John,Johnson,Female
100,Alice,Doe,Female
